{
	"class_name" : "PinholeCameraParameters",
	"extrinsic" : 
	[
		0.99633481368088361,
		0.063859125632166419,
		0.05691178367415952,
		0.0,
		0.042162436707876672,
		-0.94552094479078919,
		0.32281956553590085,
		0.0,
		0.074426258661398792,
		-0.31923683220366145,
		-0.94474789070219045,
		0.0,
		-84.190924641308243,
		89.842399230717746,
		-16.503062918454635,
		1.0
	],
	"intrinsic" : 
	{
		"height" : 1061,
		"intrinsic_matrix" : 
		[
			918.85295341528945,
			0.0,
			0.0,
			0.0,
			918.85295341528945,
			0.0,
			959.5,
			530.0,
			1.0
		],
		"width" : 1920
	},
	"version_major" : 1,
	"version_minor" : 0
}